{"faces" : [2,0,1,2,-1,2,0,2,3,-1,2,4,3,2,-1,2,4,2,5,-1,2,5,2,1,-1,2,5,1,6,-1,2,6,7,4,-1,2,6,4,5,-1,2,7,0,3,-1,2,7,3,4,-1,2,6,1,0,-1,2,6,0,7,-1,2,0,1,2,-1,2,0,2,3,-1,2,4,3,2,-1,2,4,2,5,-1,2,5,2,1,-1,2,5,1,6,-1,2,6,7,4,-1,2,6,4,5,-1,2,7,0,3,-1,2,7,3,4,-1,2,6,1,0,-1,2,6,0,7,-1],"materials" : [],"metadata" : {"colors" : 0,"faces" : 24,"formatVersion" : 3.100000,"generatedBy" : "obj-2-fieldap","materials" : 0,"normals" : 0,"uvs" : 0,"vertices" : 72},"scale" : 1,"vertices" : [4.000000,3.000000,-5.000000,2.000000,3.000000,-5.000000,2.000000,3.000000,-3.000000,4.000000,3.000000,-3.000000,4.000000,1.000000,-3.000000,2.000000,1.000000,-3.000000,2.000000,1.000000,-5.000000,4.000000,1.000000,-5.000000]}